<?xml version="1.0" encoding="UTF-8"?>
<!DOCTYPE mapper PUBLIC "-//mybatis.org//DTD Mapper 3.0//EN" "http://mybatis.org/dtd/mybatis-3-mapper.dtd">

<mapper namespace="com.seoulsi.mapper.CommonMapper">
  <select id="guList" resultType="com.seoulsi.dto.CommonDto">
  	SELECT * FROM TB_CC_CODE WHERE SORT_CD='서울시구정의' ORDER BY CODE_NM
  </select>
  
  <select id="partList" resultType="com.seoulsi.dto.CommonDto">
  	SELECT * FROM TB_CC_CODE WHERE SORT_CD='기관'
  </select>
  <select id="getCCList" parameterType="String" resultType="com.seoulsi.dto.CommonDto">
  	SELECT * FROM TB_CC_CODE WHERE SORT_CD=#{sortCd}
  </select>
  <select id="codeList" resultType="com.seoulsi.dto.CommonDto">
  	SELECT SORT_CD FROM TB_CC_CODE GROUP BY SORT_CD ORDER BY SORT_CD ASC
  </select>
  
  <select id="codeListOne" parameterType="String" resultType="com.seoulsi.dto.CommonDto">
  	SELECT CONCAT(SORT_CD,','||CODE) AS ID, SORT_CD, SORT_NM, CODE, CODE_NM, REL_CD1, REL_CD2, REL_CD3, EDIT_YN, HIDE_YN, BIGO, WORK_USER, WORK_TIME FROM TB_CC_CODE WHERE SORT_CD=#{sortCd} ORDER BY TO_NUMBER(CODE) ASC
  </select>
<!--   추가 -->
  <select id="getMenu" parameterType="String" resultType="com.seoulsi.dto.MenuDto">
  	SELECT * FROM TB_CC_MENU A, TB_CC_USER_MENU B WHERE B.USER_ID=#{userId} AND A.MENU_ID=B.MENU_ID ORDER BY A.STEP ASC, B.MENU_ID ASC
  </select>
  <select id="getMenuId" resultType="com.seoulsi.dto.MenuDto">
  	SELECT MENU_ID FROM TB_CC_MENU
  </select>
   <select id="menuList" resultType="com.seoulsi.dto.CommonDto">
	SELECT LISTAGG('"'||STEP||'"',',') WITHIN GROUP(ORDER BY STEP) AS STEP ,LISTAGG('"'||MENU_ID||'"',',') WITHIN GROUP(ORDER BY MENU_ID) AS MENU_ID, LISTAGG('"'||CAPTION||'"',',') WITHIN GROUP(ORDER BY CAPTION) AS CAPTION FROM (SELECT * FROM TB_CC_MENU ORDER BY MENU_ID ASC)
  </select> 
  <select id="getGrantMenu" parameterType="String" resultType="com.seoulsi.dto.MenuDto">
  	SELECT A.*, B.CAPTION, B.STEP, B.PATH FROM TB_CC_USER_MENU A, TB_CC_MENU B WHERE A.USER_ID=#{userId} AND A.MENU_ID = B.MENU_ID AND A.GRANT_YN='Y' ORDER BY A.MENU_ID ASC
  </select>
  
  <select id="getGrantMenuRequest" parameterType="com.seoulsi.dto.MemberDto" resultType="com.seoulsi.dto.MemberDto">
  	SELECT * FROM TB_CC_MENU A, TB_CC_USER_MENU B WHERE A.PATH=#{path} AND B.USER_ID=#{userId} AND B.GRANT_YN='Y' AND A.MENU_ID=B.MENU_ID
  </select>
  
  <insert id="insertGrantMenu" parameterType="com.seoulsi.dto.MenuDto">
  	INSERT INTO TB_CC_USER_MENU(USER_ID, MENU_ID, GRANT_YN, WORK_TIME) VALUES(#{userId}, #{menuId}, 'Y', SYSDATE)
  </insert>
  
  <update id="codeListUpdate" parameterType="com.seoulsi.dto.CommonDto">
  	UPDATE TB_CC_CODE SET CODE=#{code}, CODE_NM=#{codeNm}, REL_CD1=#{relCd1}, REL_CD2=#{relCd2}, REL_CD3=#{relCd3}, EDIT_YN=#{editYn}, HIDE_YN=#{hideYn}, BIGO=#{bigo}, WORK_USER=#{workUser}, WORK_TIME=SYSDATE WHERE CODE=#{code} AND SORT_CD=#{sortCd}
  </update>
  
  <insert id="codeListSave" parameterType="com.seoulsi.dto.CommonDto">
  	INSERT INTO TB_CC_CODE(SORT_CD, SORT_NM,CODE, CODE_NM, REL_CD1, REL_CD2, REL_CD3, EDIT_YN, HIDE_YN, BIGO, WORK_USER, WORK_TIME) VALUES (#{sortCd}, #{sortNm}, #{code}, #{codeNm}, #{relCd1}, #{relCd2}, #{relCd3}, #{editYn}, #{hideYn}, #{bigo},#{workUser}, SYSDATE)
  </insert>
  
  <delete id="codeListRemove" parameterType="com.seoulsi.dto.CommonDto">
  	DELETE FROM TB_CC_CODE WHERE CODE=#{code} AND SORT_CD=#{sortCd}
  </delete>
</mapper>
